-- MySQL dump 10.13  Distrib 5.5.43, for debian-linux-gnu (x86_64)
--
-- Host: localhost    Database: mycai
-- ------------------------------------------------------
-- Server version	5.5.43-0ubuntu0.14.04.1

/*!40101 SET @OLD_CHARACTER_SET_CLIENT=@@CHARACTER_SET_CLIENT */;
/*!40101 SET @OLD_CHARACTER_SET_RESULTS=@@CHARACTER_SET_RESULTS */;
/*!40101 SET @OLD_COLLATION_CONNECTION=@@COLLATION_CONNECTION */;
/*!40101 SET NAMES utf8 */;
/*!40103 SET @OLD_TIME_ZONE=@@TIME_ZONE */;
/*!40103 SET TIME_ZONE='+00:00' */;
/*!40014 SET @OLD_UNIQUE_CHECKS=@@UNIQUE_CHECKS, UNIQUE_CHECKS=0 */;
/*!40014 SET @OLD_FOREIGN_KEY_CHECKS=@@FOREIGN_KEY_CHECKS, FOREIGN_KEY_CHECKS=0 */;
/*!40101 SET @OLD_SQL_MODE=@@SQL_MODE, SQL_MODE='NO_AUTO_VALUE_ON_ZERO' */;
/*!40111 SET @OLD_SQL_NOTES=@@SQL_NOTES, SQL_NOTES=0 */;

--
-- Table structure for table `administrator`
--

DROP TABLE IF EXISTS `administrator`;
/*!40101 SET @saved_cs_client     = @@character_set_client */;
/*!40101 SET character_set_client = utf8 */;
CREATE TABLE `administrator` (
  `username` varchar(45) NOT NULL,
  `password` varchar(255) DEFAULT NULL,
  `role` varchar(45) DEFAULT NULL,
  PRIMARY KEY (`username`)
) ENGINE=InnoDB DEFAULT CHARSET=utf8;
/*!40101 SET character_set_client = @saved_cs_client */;

--
-- Dumping data for table `administrator`
--

LOCK TABLES `administrator` WRITE;
/*!40000 ALTER TABLE `administrator` DISABLE KEYS */;
INSERT INTO `administrator` VALUES ('admin','S@ngDA$2015','ROLE_ADMIN');
/*!40000 ALTER TABLE `administrator` ENABLE KEYS */;
UNLOCK TABLES;

--
-- Table structure for table `bill_order`
--

DROP TABLE IF EXISTS `bill_order`;
/*!40101 SET @saved_cs_client     = @@character_set_client */;
/*!40101 SET character_set_client = utf8 */;
CREATE TABLE `bill_order` (
  `id` int(11) NOT NULL AUTO_INCREMENT,
  `userid` varchar(255) CHARACTER SET utf8mb4 DEFAULT NULL,
  `wechat_id` varchar(255) CHARACTER SET utf8 COLLATE utf8_unicode_ci DEFAULT NULL,
  `bill` text CHARACTER SET utf8 COLLATE utf8_unicode_ci,
  `order_ts` varchar(255) CHARACTER SET utf8 COLLATE utf8_unicode_ci DEFAULT NULL,
  `delivery_ts` varchar(255) CHARACTER SET utf8 COLLATE utf8_unicode_ci DEFAULT NULL,
  `shop_info` text CHARACTER SET utf8 COLLATE utf8_unicode_ci,
  `shop_address` text,
  `consignee` varchar(255) CHARACTER SET utf8 COLLATE utf8_unicode_ci DEFAULT NULL,
  `consignee_contact` varchar(45) CHARACTER SET utf8 COLLATE utf8_unicode_ci DEFAULT NULL,
  `status` varchar(45) CHARACTER SET utf8 COLLATE utf8_unicode_ci DEFAULT NULL,
  `confirm_code` varchar(45) DEFAULT NULL,
  `confirm_bill` text,
  `confirm_ts` varchar(255) DEFAULT NULL,
  PRIMARY KEY (`id`)
) ENGINE=InnoDB AUTO_INCREMENT=64 DEFAULT CHARSET=utf8;
/*!40101 SET character_set_client = @saved_cs_client */;

--
-- Dumping data for table `bill_order`
--

LOCK TABLES `bill_order` WRITE;
/*!40000 ALTER TABLE `bill_order` DISABLE KEYS */;
INSERT INTO `bill_order` VALUES (52,' 滚雪球','o5Irvt1IzDfOZ7S3jsWKT_5G07w0','{\"items\":[{\"productId\":225,\"productName\":\"大白菜\",\"description\":\"精选大白菜\",\"amount\":\"1\",\"productPrice\":1.15,\"picurl\":\"product_images/pic22906982548339067-931019923.jpg\",\"productUnit\":\"斤\",\"$$hashKey\":\"object:135\"},{\"productId\":222,\"productName\":\"卷心菜\",\"description\":\"精选卷心菜\",\"amount\":\"1\",\"productPrice\":2.3,\"picurl\":\"product_images/pic21327408546759493-931019923.jpg\",\"productUnit\":\"斤\",\"$$hashKey\":\"object:136\"},{\"productId\":218,\"productName\":\"冬瓜\",\"description\":\"精选冬瓜\",\"amount\":2,\"productPrice\":1.38,\"picurl\":\"product_images/pic678064987458811-931019923.jpg\",\"productUnit\":\"斤\",\"$$hashKey\":\"object:137\"},{\"productId\":215,\"productName\":\"丝瓜\",\"description\":\"精选丝瓜\",\"amount\":2,\"productPrice\":2.88,\"picurl\":\"product_images/pic649823987430570-931019923.jpg\",\"productUnit\":\"斤\",\"$$hashKey\":\"object:138\"}],\"totalAmount\":6,\"totalPrice\":11.969999999999999}','2015-07-25 16:43:53','2015/07/26 08:40','沙县小吃','','茹先生','18616021572','未配送','845846846','{\"items\":[{\"productId\":225,\"productName\":\"大白菜\",\"description\":\"精选大白菜\",\"amount\":\"1.5\",\"productPrice\":1.15,\"picurl\":\"product_images/pic22906982548339067-931019923.jpg\",\"productUnit\":\"斤\",\"$$hashKey\":\"object:135\"},{\"productId\":222,\"productName\":\"卷心菜\",\"description\":\"精选卷心菜\",\"amount\":\"1.9\",\"productPrice\":2.3,\"picurl\":\"product_images/pic21327408546759493-931019923.jpg\",\"productUnit\":\"斤\",\"$$hashKey\":\"object:136\"},{\"productId\":218,\"productName\":\"冬瓜\",\"description\":\"精选冬瓜\",\"amount\":\"1.2\",\"productPrice\":1.38,\"picurl\":\"product_images/pic678064987458811-931019923.jpg\",\"productUnit\":\"斤\",\"$$hashKey\":\"object:137\"},{\"productId\":215,\"productName\":\"丝瓜\",\"description\":\"精选丝瓜\",\"amount\":\"2\",\"productPrice\":2.88,\"picurl\":\"product_images/pic649823987430570-931019923.jpg\",\"productUnit\":\"斤\",\"$$hashKey\":\"object:138\"}],\"totalAmount\":6,\"totalPrice\":\"13.51\"}','2015-08-02 10:21:28'),(55,'1314','o5Irvtx1HMDEgD18RESTS_tZ89rQ','{\"items\":[{\"productId\":256,\"productName\":\"空心菜\",\"description\":\"精选空心菜\",\"amount\":4,\"productPrice\":3.45,\"picurl\":\"product_images/pic30924915556357000-931019923.jpg\",\"productUnit\":\"斤\",\"$$hashKey\":\"object:741\"},{\"productId\":229,\"productName\":\"小青菜\",\"description\":\"精选小青菜\",\"amount\":2,\"productPrice\":4.6,\"picurl\":\"product_images/pic23882521549314606-931019923.jpg\",\"productUnit\":\"斤\",\"$$hashKey\":\"object:742\"},{\"productId\":297,\"productName\":\"青菜\",\"description\":\"精选青菜\",\"amount\":3,\"productPrice\":2.3,\"picurl\":\"product_images/pic1234634988015381-931019923.jpg\",\"productUnit\":\"斤\",\"$$hashKey\":\"object:743\"},{\"productId\":315,\"productName\":\"生菜\",\"description\":\"精选生菜\",\"amount\":2,\"productPrice\":5.75,\"picurl\":\"product_images/pic963229987743976-931019923.jpg\",\"productUnit\":\"斤\",\"$$hashKey\":\"object:744\"},{\"productId\":282,\"productName\":\"莴苣\",\"description\":\"精选莴苣\",\"amount\":7,\"productPrice\":2.3,\"picurl\":\"product_images/pic1078703987859450-931019923.jpg\",\"productUnit\":\"斤\",\"$$hashKey\":\"object:745\"},{\"productId\":253,\"productName\":\"番茄\",\"description\":\"精选番茄\",\"amount\":3,\"productPrice\":2.3,\"picurl\":\"product_images/pic965338987746085-931019923.jpg\",\"productUnit\":\"斤\",\"$$hashKey\":\"object:746\"},{\"productId\":231,\"productName\":\"平菇\",\"description\":\"精选平菇\",\"amount\":5,\"productPrice\":6.9,\"picurl\":\"product_images/pic783284987564031-931019923.jpg\",\"productUnit\":\"斤\",\"$$hashKey\":\"object:747\"},{\"productId\":309,\"productName\":\"黄豆芽\",\"description\":\"精选黄豆芽\",\"amount\":3,\"productPrice\":1.72,\"picurl\":\"product_images/pic40205563565637648-931019923.jpg\",\"productUnit\":\"斤\",\"$$hashKey\":\"object:748\"},{\"productId\":296,\"productName\":\"青椒\",\"description\":\"精选青椒\",\"amount\":3,\"productPrice\":3.45,\"picurl\":\"product_images/pic1227776988008523-931019923.jpg\",\"productUnit\":\"斤\",\"$$hashKey\":\"object:749\"},{\"productId\":222,\"productName\":\"卷心菜\",\"description\":\"精选卷心菜\",\"amount\":10,\"productPrice\":2.3,\"picurl\":\"product_images/pic21327408546759493-931019923.jpg\",\"productUnit\":\"斤\",\"$$hashKey\":\"object:750\"},{\"productId\":265,\"productName\":\"胡萝卜\",\"description\":\"精选胡萝卜\",\"amount\":3,\"productPrice\":2.07,\"picurl\":\"product_images/pic32776064558208149-931019923.jpg\",\"productUnit\":\"斤\",\"$$hashKey\":\"object:751\"},{\"productId\":215,\"productName\":\"丝瓜\",\"description\":\"精选丝瓜\",\"amount\":3,\"productPrice\":2.88,\"picurl\":\"product_images/pic649823987430570-931019923.jpg\",\"productUnit\":\"斤\",\"$$hashKey\":\"object:752\"},{\"productId\":314,\"productName\":\"小葱\",\"description\":\"精选小葱\",\"amount\":2,\"productPrice\":6.9,\"picurl\":\"product_images/pic764482987545229-931019923.jpg\",\"productUnit\":\"斤\",\"$$hashKey\":\"object:753\"}],\"totalAmount\":50,\"totalPrice\":166.06}','2015-07-28 20:38:20','2015/07/29 08:30','聚缘酒家','','刘群','17749759259','已配送（未付款）','891319785','{\"items\":[{\"productId\":256,\"productName\":\"空心菜\",\"description\":\"精选空心菜\",\"amount\":\"8\",\"productPrice\":3.45,\"picurl\":\"product_images/pic30924915556357000-931019923.jpg\",\"productUnit\":\"斤\",\"$$hashKey\":\"object:741\"},{\"productId\":229,\"productName\":\"小青菜\",\"description\":\"精选小青菜\",\"amount\":\"8\",\"productPrice\":4.6,\"picurl\":\"product_images/pic23882521549314606-931019923.jpg\",\"productUnit\":\"斤\",\"$$hashKey\":\"object:742\"},{\"productId\":297,\"productName\":\"青菜\",\"description\":\"精选青菜\",\"amount\":\"8\",\"productPrice\":2.3,\"picurl\":\"product_images/pic1234634988015381-931019923.jpg\",\"productUnit\":\"斤\",\"$$hashKey\":\"object:743\"},{\"productId\":315,\"productName\":\"生菜\",\"description\":\"精选生菜\",\"amount\":\"8\",\"productPrice\":5.75,\"picurl\":\"product_images/pic963229987743976-931019923.jpg\",\"productUnit\":\"斤\",\"$$hashKey\":\"object:744\"},{\"productId\":282,\"productName\":\"莴苣\",\"description\":\"精选莴苣\",\"amount\":\"8\",\"productPrice\":2.3,\"picurl\":\"product_images/pic1078703987859450-931019923.jpg\",\"productUnit\":\"斤\",\"$$hashKey\":\"object:745\"},{\"productId\":253,\"productName\":\"番茄\",\"description\":\"精选番茄\",\"amount\":\"8\",\"productPrice\":2.3,\"picurl\":\"product_images/pic965338987746085-931019923.jpg\",\"productUnit\":\"斤\",\"$$hashKey\":\"object:746\"},{\"productId\":231,\"productName\":\"平菇\",\"description\":\"精选平菇\",\"amount\":\"8\",\"productPrice\":6.9,\"picurl\":\"product_images/pic783284987564031-931019923.jpg\",\"productUnit\":\"斤\",\"$$hashKey\":\"object:747\"},{\"productId\":309,\"productName\":\"黄豆芽\",\"description\":\"精选黄豆芽\",\"amount\":\"8\",\"productPrice\":1.72,\"picurl\":\"product_images/pic40205563565637648-931019923.jpg\",\"productUnit\":\"斤\",\"$$hashKey\":\"object:748\"},{\"productId\":296,\"productName\":\"青椒\",\"description\":\"精选青椒\",\"amount\":\"8\",\"productPrice\":3.45,\"picurl\":\"product_images/pic1227776988008523-931019923.jpg\",\"productUnit\":\"斤\",\"$$hashKey\":\"object:749\"},{\"productId\":222,\"productName\":\"卷心菜\",\"description\":\"精选卷心菜\",\"amount\":\"8\",\"productPrice\":2.3,\"picurl\":\"product_images/pic21327408546759493-931019923.jpg\",\"productUnit\":\"斤\",\"$$hashKey\":\"object:750\"},{\"productId\":265,\"productName\":\"胡萝卜\",\"description\":\"精选胡萝卜\",\"amount\":\"8\",\"productPrice\":2.07,\"picurl\":\"product_images/pic32776064558208149-931019923.jpg\",\"productUnit\":\"斤\",\"$$hashKey\":\"object:751\"},{\"productId\":215,\"productName\":\"丝瓜\",\"description\":\"精选丝瓜\",\"amount\":\"8\",\"productPrice\":2.88,\"picurl\":\"product_images/pic649823987430570-931019923.jpg\",\"productUnit\":\"斤\",\"$$hashKey\":\"object:752\"},{\"productId\":314,\"productName\":\"小葱\",\"description\":\"精选小葱\",\"amount\":\"8\",\"productPrice\":6.9,\"picurl\":\"product_images/pic764482987545229-931019923.jpg\",\"productUnit\":\"斤\",\"$$hashKey\":\"object:753\"}],\"totalAmount\":50,\"totalPrice\":\"358.80\"}','2015-07-29 22:10:30'),(58,'1314','o5Irvtx1HMDEgD18RESTS_tZ89rQ','{\"items\":[{\"$$hashKey\":\"object:1049\",\"amount\":3,\"description\":\"精选空心菜\",\"picurl\":\"product_images/pic30924915556357000-931019923.jpg\",\"productId\":256,\"productName\":\"空心菜\",\"productPrice\":2,\"productUnit\":\"斤\"},{\"$$hashKey\":\"object:1050\",\"amount\":2,\"description\":\"精选青菜\",\"picurl\":\"product_images/pic1234634988015381-931019923.jpg\",\"productId\":297,\"productName\":\"青菜\",\"productPrice\":1.8,\"productUnit\":\"斤\"},{\"$$hashKey\":\"object:1051\",\"amount\":3,\"description\":\"精选黄豆芽\",\"picurl\":\"product_images/pic40205563565637648-931019923.jpg\",\"productId\":309,\"productName\":\"黄豆芽\",\"productPrice\":1.5,\"productUnit\":\"斤\"},{\"$$hashKey\":\"object:1052\",\"amount\":\"1\",\"description\":\"精选青椒\",\"picurl\":\"product_images/pic1227776988008523-931019923.jpg\",\"productId\":296,\"productName\":\"青椒\",\"productPrice\":2.5,\"productUnit\":\"斤\"},{\"$$hashKey\":\"object:1053\",\"amount\":5,\"description\":\"精选茶树菇\",\"picurl\":\"product_images/pic33139596558571681-931019923.jpg\",\"productId\":277,\"productName\":\"茶树菇\",\"productPrice\":6.9,\"productUnit\":\"斤\"},{\"$$hashKey\":\"object:1054\",\"amount\":3,\"description\":\"精选芹菜\",\"picurl\":\"product_images/pic1071171987851918-931019923.jpg\",\"productId\":270,\"productName\":\"芹菜\",\"productPrice\":2.88,\"productUnit\":\"斤\"},{\"$$hashKey\":\"object:1055\",\"amount\":2,\"description\":\"精选韭菜\",\"picurl\":\"product_images/pic1239439988020186-931019923.jpg\",\"productId\":298,\"productName\":\"韭菜\",\"productPrice\":2.88,\"productUnit\":\"斤\"},{\"$$hashKey\":\"object:1056\",\"amount\":10,\"description\":\"精选山药\",\"picurl\":\"product_images/pic767262987548009-931019923.jpg\",\"productId\":230,\"productName\":\"山药\",\"productPrice\":8.05,\"productUnit\":\"斤\"},{\"$$hashKey\":\"object:1057\",\"amount\":2,\"description\":\"精选金针菇\",\"picurl\":\"product_images/pic37085648562517733-931019923.jpg\",\"productId\":293,\"productName\":\"金针菇\",\"productPrice\":4.02,\"productUnit\":\"斤\"},{\"$$hashKey\":\"object:1058\",\"amount\":4,\"description\":\"精选有机花菜\",\"picurl\":\"product_images/pic812263516-79211033-931019923.jpg\",\"productId\":320,\"productName\":\"有机花菜\",\"productPrice\":4.3,\"productUnit\":\"斤\"},{\"$$hashKey\":\"object:1059\",\"amount\":3,\"description\":\"精选鸡毛菜\",\"picurl\":\"product_images/pic39791938565224023-931019923.jpg\",\"productId\":327,\"productName\":\"鸡毛菜\",\"productPrice\":3,\"productUnit\":\"斤\"},{\"$$hashKey\":\"object:1060\",\"amount\":2,\"description\":\"精选红椒\",\"picurl\":\"product_images/pic1031856987812603-931019923.jpg\",\"productId\":324,\"productName\":\"红椒\",\"productPrice\":4,\"productUnit\":\"斤\"},{\"$$hashKey\":\"object:1061\",\"amount\":6,\"description\":\"精选牛心菜\",\"picurl\":\"product_images/pic28926996554359081-931019923.jpg\",\"productId\":322,\"productName\":\"牛心菜\",\"productPrice\":3.2,\"productUnit\":\"斤\"},{\"$$hashKey\":\"object:1062\",\"amount\":3,\"description\":\"精选茄子\",\"picurl\":\"product_images/pic1063116987843863-931019923.jpg\",\"productId\":274,\"productName\":\"茄子\",\"productPrice\":4.6,\"productUnit\":\"斤\"},{\"$$hashKey\":\"object:1063\",\"amount\":5,\"description\":\"精选黄瓜\",\"picurl\":\"product_images/pic1289880988070627-931019923.jpg\",\"productId\":308,\"productName\":\"黄瓜\",\"productPrice\":2.88,\"productUnit\":\"斤\"},{\"$$hashKey\":\"object:1064\",\"amount\":5,\"description\":\"精选香菜\",\"picurl\":\"product_images/pic1252707988033454-931019923.jpg\",\"productId\":301,\"productName\":\"香菜\",\"productPrice\":0.5,\"productUnit\":\"两\"},{\"$$hashKey\":\"object:1065\",\"amount\":2,\"description\":\"精选茼蒿\",\"picurl\":\"product_images/pic1075459987856206-931019923.jpg\",\"productId\":278,\"productName\":\"茼蒿\",\"productPrice\":5.75,\"productUnit\":\"斤\"}],\"totalAmount\":61,\"totalPrice\":249.64}','2015-07-29 21:33:44','2015/07/30 08:30','聚缘酒家','盛苑路596号','刘群','17749759259','已配送（未付款）','378961108',NULL,NULL),(59,'1314','o5Irvtx1HMDEgD18RESTS_tZ89rQ','{\"items\":[{\"$$hashKey\":\"object:1169\",\"amount\":3,\"description\":\"精选空心菜\",\"picurl\":\"product_images/pic30924915556357000-931019923.jpg\",\"productId\":256,\"productName\":\"空心菜\",\"productPrice\":2,\"productUnit\":\"斤\"},{\"$$hashKey\":\"object:1170\",\"amount\":2,\"description\":\"精选小青菜\",\"picurl\":\"product_images/pic23882521549314606-931019923.jpg\",\"productId\":229,\"productName\":\"小青菜\",\"productPrice\":2.3,\"productUnit\":\"斤\"},{\"$$hashKey\":\"object:1171\",\"amount\":2,\"description\":\"精选生菜\",\"picurl\":\"product_images/pic963229987743976-931019923.jpg\",\"productId\":315,\"productName\":\"生菜\",\"productPrice\":2.8,\"productUnit\":\"斤\"},{\"$$hashKey\":\"object:1172\",\"amount\":2,\"description\":\"精选青椒\",\"picurl\":\"product_images/pic1227776988008523-931019923.jpg\",\"productId\":296,\"productName\":\"青椒\",\"productPrice\":2.5,\"productUnit\":\"斤\"},{\"$$hashKey\":\"object:1173\",\"amount\":5,\"description\":\"精选有机花菜\",\"picurl\":\"product_images/pic812263516-79211033-931019923.jpg\",\"productId\":320,\"productName\":\"有机花菜\",\"productPrice\":4.3,\"productUnit\":\"斤\"},{\"$$hashKey\":\"object:1174\",\"amount\":2,\"description\":\"精选鸡毛菜\",\"picurl\":\"product_images/pic39791938565224023-931019923.jpg\",\"productId\":327,\"productName\":\"鸡毛菜\",\"productPrice\":3,\"productUnit\":\"斤\"},{\"$$hashKey\":\"object:1175\",\"amount\":3,\"description\":\"精选茄子\",\"picurl\":\"product_images/pic1063116987843863-931019923.jpg\",\"productId\":274,\"productName\":\"茄子\",\"productPrice\":2,\"productUnit\":\"斤\"},{\"$$hashKey\":\"object:1176\",\"amount\":3,\"description\":\"精选番茄\",\"picurl\":\"product_images/pic965338987746085-931019923.jpg\",\"productId\":253,\"productName\":\"番茄\",\"productPrice\":3,\"productUnit\":\"斤\"},{\"$$hashKey\":\"object:1177\",\"amount\":3,\"description\":\"精选刀豆\",\"picurl\":\"product_images/pic686662987467409-931019923.jpg\",\"productId\":220,\"productName\":\"刀豆\",\"productPrice\":3.45,\"productUnit\":\"斤\"},{\"$$hashKey\":\"object:1178\",\"amount\":3,\"description\":\"精选绿豆芽\",\"picurl\":\"product_images/pic32389750557821835-931019923.jpg\",\"productId\":325,\"productName\":\"绿豆芽\",\"productPrice\":1.5,\"productUnit\":\"斤\"}],\"totalAmount\":28,\"totalPrice\":78.55}','2015-07-30 21:26:31','2015/07/31 20:25','聚缘酒家','盛苑路596号','刘群','17749759259','已配送（未付款）','227388225',NULL,NULL),(60,' 滚雪球','o5Irvt1IzDfOZ7S3jsWKT_5G07w0','{\"items\":[{\"$$hashKey\":\"object:220\",\"amount\":2,\"description\":\"精选卷心菜\",\"picurl\":\"product_images/pic21327408546759493-931019923.jpg\",\"productId\":222,\"productName\":\"卷心菜\",\"productPrice\":2.68,\"productUnit\":\"斤\"},{\"$$hashKey\":\"object:221\",\"amount\":4,\"description\":\"精选大白菜\",\"picurl\":\"product_images/pic22906982548339067-931019923.jpg\",\"productId\":225,\"productName\":\"大白菜\",\"productPrice\":2.68,\"productUnit\":\"斤\"},{\"$$hashKey\":\"object:328\",\"amount\":\"1\",\"description\":\"精选黑木耳\",\"picurl\":\"product_images/pic39922844565354929-931019923.jpg\",\"productId\":310,\"productName\":\"黑木耳\",\"productPrice\":50,\"productUnit\":\"斤\"},{\"$$hashKey\":\"object:329\",\"amount\":\"1\",\"description\":\"精选四季豆\",\"picurl\":\"product_images/pic22128990547561075-931019923.jpg\",\"productId\":223,\"productName\":\"四季豆\",\"productPrice\":2.3,\"productUnit\":\"斤\"}],\"totalAmount\":8,\"totalPrice\":65.32}','2015-08-01 08:45:18','2015/08/02 08:45','hgfd','gfdh','gdfj','13457889','已配送（未付款）','380486483','{\"items\":[{\"$$hashKey\":\"object:220\",\"amount\":\"1\",\"description\":\"精选卷心菜\",\"picurl\":\"product_images/pic21327408546759493-931019923.jpg\",\"productId\":222,\"productName\":\"卷心菜\",\"productPrice\":2.68,\"productUnit\":\"斤\"},{\"$$hashKey\":\"object:221\",\"amount\":4,\"description\":\"精选大白菜\",\"picurl\":\"product_images/pic22906982548339067-931019923.jpg\",\"productId\":225,\"productName\":\"大白菜\",\"productPrice\":2.68,\"productUnit\":\"斤\"},{\"$$hashKey\":\"object:328\",\"amount\":\"1\",\"description\":\"精选黑木耳\",\"picurl\":\"product_images/pic39922844565354929-931019923.jpg\",\"productId\":310,\"productName\":\"黑木耳\",\"productPrice\":50,\"productUnit\":\"斤\"},{\"$$hashKey\":\"object:329\",\"amount\":\"1\",\"description\":\"精选四季豆\",\"picurl\":\"product_images/pic22128990547561075-931019923.jpg\",\"productId\":223,\"productName\":\"四季豆\",\"productPrice\":2.3,\"productUnit\":\"斤\"}],\"totalAmount\":8,\"totalPrice\":\"65.70\"}','2015-08-02 09:52:22'),(61,'peter','o5IrvtxKL1ffBOioBJqRdW8zKNwg','{\"items\":[{\"$$hashKey\":\"object:89\",\"amount\":\"1\",\"description\":\"精选五花肉\",\"picurl\":\"product_images/pic20401548545833633-931019923.jpg\",\"productId\":217,\"productName\":\"五花肉\",\"productPrice\":14.95,\"productUnit\":\"斤\"},{\"$$hashKey\":\"object:90\",\"amount\":3,\"description\":\"精选大白菜\",\"picurl\":\"product_images/pic22906982548339067-931019923.jpg\",\"productId\":225,\"productName\":\"大白菜\",\"productPrice\":1.15,\"productUnit\":\"斤\"},{\"$$hashKey\":\"object:91\",\"amount\":2,\"description\":\"精选小青菜\",\"picurl\":\"product_images/pic23882521549314606-931019923.jpg\",\"productId\":229,\"productName\":\"小青菜\",\"productPrice\":2.3,\"productUnit\":\"斤\"},{\"$$hashKey\":\"object:92\",\"amount\":2,\"description\":\"精选秋葵\",\"picurl\":\"product_images/pic1000458987781205-931019923.jpg\",\"productId\":255,\"productName\":\"秋葵\",\"productPrice\":3.45,\"productUnit\":\"斤\"},{\"$$hashKey\":\"object:93\",\"amount\":2,\"description\":\"精选空心菜\",\"picurl\":\"product_images/pic30924915556357000-931019923.jpg\",\"productId\":256,\"productName\":\"空心菜\",\"productPrice\":2,\"productUnit\":\"斤\"},{\"$$hashKey\":\"object:94\",\"amount\":2,\"description\":\"精选芥蓝\",\"picurl\":\"product_images/pic1070808987851555-931019923.jpg\",\"productId\":267,\"productName\":\"芥蓝\",\"productPrice\":5.75,\"productUnit\":\"斤\"},{\"$$hashKey\":\"object:95\",\"amount\":2,\"description\":\"精选花菜\",\"picurl\":\"product_images/pic1070923987851670-931019923.jpg\",\"productId\":269,\"productName\":\"花菜\",\"productPrice\":2.88,\"productUnit\":\"斤\"}],\"totalAmount\":14,\"totalPrice\":51.16}','2015-08-02 19:40:59','次日上午8:00到10:30间','陈凯','啦啦啦','陈','119','未配送','594460739',NULL,NULL),(62,'1314','o5Irvtx1HMDEgD18RESTS_tZ89rQ','{\"items\":[{\"$$hashKey\":\"object:939\",\"amount\":5,\"description\":\"精选丝瓜\",\"picurl\":\"product_images/pic649823987430570-931019923.jpg\",\"productId\":215,\"productName\":\"丝瓜\",\"productPrice\":2.8,\"productUnit\":\"斤\"},{\"$$hashKey\":\"object:940\",\"amount\":2,\"description\":\"精选毛豆米\",\"picurl\":\"product_images/pic27679240553111325590323155.jpg\",\"productId\":334,\"productName\":\"毛豆米\",\"productPrice\":8.5,\"productUnit\":\"斤\"},{\"$$hashKey\":\"object:941\",\"amount\":10,\"description\":\"精选洋葱\",\"picurl\":\"product_images/pic899270987680017-931019923.jpg\",\"productId\":241,\"productName\":\"洋葱\",\"productPrice\":1.8,\"productUnit\":\"斤\"},{\"$$hashKey\":\"object:942\",\"amount\":3,\"description\":\"精选番茄\",\"picurl\":\"product_images/pic965338987746085-931019923.jpg\",\"productId\":253,\"productName\":\"番茄\",\"productPrice\":3,\"productUnit\":\"斤\"},{\"$$hashKey\":\"object:943\",\"amount\":3,\"description\":\"精选金针菇\",\"picurl\":\"product_images/pic37085648562517733-931019923.jpg\",\"productId\":293,\"productName\":\"金针菇\",\"productPrice\":5,\"productUnit\":\"斤\"},{\"$$hashKey\":\"object:944\",\"amount\":8,\"description\":\"精选有机花菜\",\"picurl\":\"product_images/pic812263516-79211033-931019923.jpg\",\"productId\":320,\"productName\":\"有机花菜\",\"productPrice\":5,\"productUnit\":\"斤\"},{\"$$hashKey\":\"object:945\",\"amount\":3,\"description\":\"精选西兰花\",\"picurl\":\"product_images/pic34505984559938069-931019923.jpg\",\"productId\":288,\"productName\":\"西兰花\",\"productPrice\":5,\"productUnit\":\"斤\"},{\"$$hashKey\":\"object:946\",\"amount\":5,\"description\":\"精选山药\",\"picurl\":\"product_images/pic767262987548009-931019923.jpg\",\"productId\":230,\"productName\":\"山药\",\"productPrice\":5.5,\"productUnit\":\"斤\"},{\"$$hashKey\":\"object:947\",\"amount\":3,\"description\":\"精选茄子\",\"picurl\":\"product_images/pic1063116987843863-931019923.jpg\",\"productId\":274,\"productName\":\"茄子\",\"productPrice\":2.2,\"productUnit\":\"斤\"},{\"$$hashKey\":\"object:948\",\"amount\":2,\"description\":\"精选青菜\",\"picurl\":\"product_images/pic1234634988015381-931019923.jpg\",\"productId\":297,\"productName\":\"青菜\",\"productPrice\":2,\"productUnit\":\"斤\"},{\"$$hashKey\":\"object:949\",\"amount\":2,\"description\":\"精选小青菜\",\"picurl\":\"product_images/pic23882521549314606-931019923.jpg\",\"productId\":229,\"productName\":\"小青菜\",\"productPrice\":2.3,\"productUnit\":\"斤\"},{\"$$hashKey\":\"object:950\",\"amount\":2,\"description\":\"精选生菜\",\"picurl\":\"product_images/pic963229987743976-931019923.jpg\",\"productId\":315,\"productName\":\"生菜\",\"productPrice\":2.8,\"productUnit\":\"斤\"},{\"$$hashKey\":\"object:951\",\"amount\":4,\"description\":\"精选绿豆芽\",\"picurl\":\"product_images/pic32389750557821835-931019923.jpg\",\"productId\":325,\"productName\":\"绿豆芽\",\"productPrice\":1.5,\"productUnit\":\"斤\"},{\"$$hashKey\":\"object:952\",\"amount\":6,\"description\":\"精选日本黄瓜\",\"picurl\":\"\",\"productId\":341,\"productName\":\"日本黄瓜\",\"productPrice\":7,\"productUnit\":\"斤\"},{\"$$hashKey\":\"object:953\",\"amount\":2,\"description\":\"精选青大蒜\",\"picurl\":\"\",\"productId\":343,\"productName\":\"青大蒜\",\"productPrice\":6,\"productUnit\":\"斤\"},{\"$$hashKey\":\"object:954\",\"amount\":4,\"description\":\"精选长豇豆\",\"picurl\":\"product_images/pic37927582563359667-931019923.jpg\",\"productId\":295,\"productName\":\"长豇豆\",\"productPrice\":3.2,\"productUnit\":\"斤\"},{\"$$hashKey\":\"object:955\",\"amount\":2,\"description\":\"精选水晶凉皮\",\"picurl\":\"product_images/pic851097159-40377390590323155.jpg\",\"productId\":335,\"productName\":\"水晶凉皮\",\"productPrice\":1.5,\"productUnit\":\"包\"},{\"$$hashKey\":\"object:956\",\"amount\":8,\"description\":\"精选内酯豆腐\",\"picurl\":\"product_images/pic658633684-232840865590323155.jpg\",\"productId\":330,\"productName\":\"内酯豆腐\",\"productPrice\":1,\"productUnit\":\"盒\"},{\"$$hashKey\":\"object:957\",\"amount\":3,\"description\":\"精选臭豆腐\",\"picurl\":\"\",\"productId\":342,\"productName\":\"臭豆腐\",\"productPrice\":3,\"productUnit\":\"斤\"}],\"totalAmount\":77,\"totalPrice\":269.1}','2015-08-03 20:43:34','次日上午8:00到10:30间','聚缘酒家','盛苑路596号','刘群','17749759259','已配送（未付款）','051429150','{\"items\":[{\"$$hashKey\":\"object:939\",\"amount\":\"5.5\",\"description\":\"精选丝瓜\",\"picurl\":\"product_images/pic649823987430570-931019923.jpg\",\"productId\":215,\"productName\":\"丝瓜\",\"productPrice\":2.8,\"productUnit\":\"斤\"},{\"$$hashKey\":\"object:940\",\"amount\":\"1\",\"description\":\"精选毛豆米\",\"picurl\":\"product_images/pic27679240553111325590323155.jpg\",\"productId\":334,\"productName\":\"毛豆米\",\"productPrice\":8.5,\"productUnit\":\"斤\"},{\"$$hashKey\":\"object:941\",\"amount\":10,\"description\":\"精选洋葱\",\"picurl\":\"product_images/pic899270987680017-931019923.jpg\",\"productId\":241,\"productName\":\"洋葱\",\"productPrice\":1.8,\"productUnit\":\"斤\"},{\"$$hashKey\":\"object:942\",\"amount\":\"3.2\",\"description\":\"精选番茄\",\"picurl\":\"product_images/pic965338987746085-931019923.jpg\",\"productId\":253,\"productName\":\"番茄\",\"productPrice\":3,\"productUnit\":\"斤\"},{\"$$hashKey\":\"object:943\",\"amount\":\"3.3\",\"description\":\"精选金针菇\",\"picurl\":\"product_images/pic37085648562517733-931019923.jpg\",\"productId\":293,\"productName\":\"金针菇\",\"productPrice\":5,\"productUnit\":\"斤\"},{\"$$hashKey\":\"object:944\",\"amount\":\"8.2\",\"description\":\"精选有机花菜\",\"picurl\":\"product_images/pic812263516-79211033-931019923.jpg\",\"productId\":320,\"productName\":\"有机花菜\",\"productPrice\":5,\"productUnit\":\"斤\"},{\"$$hashKey\":\"object:945\",\"amount\":\"3.2\",\"description\":\"精选西兰花\",\"picurl\":\"product_images/pic34505984559938069-931019923.jpg\",\"productId\":288,\"productName\":\"西兰花\",\"productPrice\":5,\"productUnit\":\"斤\"},{\"$$hashKey\":\"object:946\",\"amount\":\"5.2\",\"description\":\"精选山药\",\"picurl\":\"product_images/pic767262987548009-931019923.jpg\",\"productId\":230,\"productName\":\"山药\",\"productPrice\":5.5,\"productUnit\":\"斤\"},{\"$$hashKey\":\"object:947\",\"amount\":\"3.2\",\"description\":\"精选茄子\",\"picurl\":\"product_images/pic1063116987843863-931019923.jpg\",\"productId\":274,\"productName\":\"茄子\",\"productPrice\":2.2,\"productUnit\":\"斤\"},{\"$$hashKey\":\"object:948\",\"amount\":2,\"description\":\"精选青菜\",\"picurl\":\"product_images/pic1234634988015381-931019923.jpg\",\"productId\":297,\"productName\":\"青菜\",\"productPrice\":2,\"productUnit\":\"斤\"},{\"$$hashKey\":\"object:949\",\"amount\":\"2.1\",\"description\":\"精选小青菜\",\"picurl\":\"product_images/pic23882521549314606-931019923.jpg\",\"productId\":229,\"productName\":\"小青菜\",\"productPrice\":2.3,\"productUnit\":\"斤\"},{\"$$hashKey\":\"object:950\",\"amount\":2,\"description\":\"精选生菜\",\"picurl\":\"product_images/pic963229987743976-931019923.jpg\",\"productId\":315,\"productName\":\"生菜\",\"productPrice\":2.8,\"productUnit\":\"斤\"},{\"$$hashKey\":\"object:951\",\"amount\":\"4.5\",\"description\":\"精选绿豆芽\",\"picurl\":\"product_images/pic32389750557821835-931019923.jpg\",\"productId\":325,\"productName\":\"绿豆芽\",\"productPrice\":1.5,\"productUnit\":\"斤\"},{\"$$hashKey\":\"object:952\",\"amount\":\"6.5\",\"description\":\"精选日本黄瓜\",\"picurl\":\"\",\"productId\":341,\"productName\":\"日本黄瓜\",\"productPrice\":7,\"productUnit\":\"斤\"},{\"$$hashKey\":\"object:953\",\"amount\":\"2.5\",\"description\":\"精选青大蒜\",\"picurl\":\"\",\"productId\":343,\"productName\":\"青大蒜\",\"productPrice\":6,\"productUnit\":\"斤\"},{\"$$hashKey\":\"object:954\",\"amount\":\"4.6\",\"description\":\"精选长豇豆\",\"picurl\":\"product_images/pic37927582563359667-931019923.jpg\",\"productId\":295,\"productName\":\"长豇豆\",\"productPrice\":3.2,\"productUnit\":\"斤\"},{\"$$hashKey\":\"object:955\",\"amount\":\"5\",\"description\":\"精选水晶凉皮\",\"picurl\":\"product_images/pic851097159-40377390590323155.jpg\",\"productId\":335,\"productName\":\"水晶凉皮\",\"productPrice\":1.5,\"productUnit\":\"包\"},{\"$$hashKey\":\"object:956\",\"amount\":8,\"description\":\"精选内酯豆腐\",\"picurl\":\"product_images/pic658633684-232840865590323155.jpg\",\"productId\":330,\"productName\":\"内酯豆腐\",\"productPrice\":1,\"productUnit\":\"盒\"},{\"$$hashKey\":\"object:957\",\"amount\":3,\"description\":\"精选臭豆腐\",\"picurl\":\"\",\"productId\":342,\"productName\":\"臭豆腐\",\"productPrice\":3,\"productUnit\":\"斤\"}],\"totalAmount\":77,\"totalPrice\":\"281.54\"}','2015-08-03 20:52:03'),(63,'1314','o5Irvtx1HMDEgD18RESTS_tZ89rQ','{\"items\":[{\"$$hashKey\":\"object:1083\",\"amount\":2,\"description\":\"精选毛豆米\",\"picurl\":\"product_images/pic27679240553111325590323155.jpg\",\"productId\":334,\"productName\":\"毛豆米\",\"productPrice\":8.5,\"productUnit\":\"斤\"},{\"$$hashKey\":\"object:1084\",\"amount\":3,\"description\":\"精选刀豆\",\"picurl\":\"product_images/pic686662987467409-931019923.jpg\",\"productId\":220,\"productName\":\"刀豆\",\"productPrice\":4,\"productUnit\":\"斤\"},{\"$$hashKey\":\"object:1085\",\"amount\":3,\"description\":\"精选番茄\",\"picurl\":\"product_images/pic965338987746085-931019923.jpg\",\"productId\":253,\"productName\":\"番茄\",\"productPrice\":3,\"productUnit\":\"斤\"},{\"$$hashKey\":\"object:1086\",\"amount\":2,\"description\":\"精选青菜\",\"picurl\":\"product_images/pic1234634988015381-931019923.jpg\",\"productId\":297,\"productName\":\"青菜\",\"productPrice\":2,\"productUnit\":\"斤\"},{\"$$hashKey\":\"object:1087\",\"amount\":2,\"description\":\"精选小青菜\",\"picurl\":\"product_images/pic23882521549314606-931019923.jpg\",\"productId\":229,\"productName\":\"小青菜\",\"productPrice\":2.3,\"productUnit\":\"斤\"},{\"$$hashKey\":\"object:1088\",\"amount\":2,\"description\":\"精选空心菜\",\"picurl\":\"product_images/pic30924915556357000-931019923.jpg\",\"productId\":256,\"productName\":\"空心菜\",\"productPrice\":2,\"productUnit\":\"斤\"},{\"$$hashKey\":\"object:1089\",\"amount\":2,\"description\":\"精选生菜\",\"picurl\":\"product_images/pic963229987743976-931019923.jpg\",\"productId\":315,\"productName\":\"生菜\",\"productPrice\":2.8,\"productUnit\":\"斤\"},{\"$$hashKey\":\"object:1090\",\"amount\":3,\"description\":\"精选胡萝卜\",\"picurl\":\"product_images/pic32776064558208149-931019923.jpg\",\"productId\":265,\"productName\":\"胡萝卜\",\"productPrice\":2.5,\"productUnit\":\"斤\"},{\"$$hashKey\":\"object:1091\",\"amount\":3,\"description\":\"精选黄瓜\",\"picurl\":\"product_images/pic1289880988070627-931019923.jpg\",\"productId\":308,\"productName\":\"黄瓜\",\"productPrice\":2.8,\"productUnit\":\"斤\"},{\"$$hashKey\":\"object:1092\",\"amount\":4,\"description\":\"精选西兰花\",\"picurl\":\"product_images/pic34505984559938069-931019923.jpg\",\"productId\":288,\"productName\":\"西兰花\",\"productPrice\":5,\"productUnit\":\"斤\"},{\"$$hashKey\":\"object:1093\",\"amount\":4,\"description\":\"精选有机花菜\",\"picurl\":\"product_images/pic812263516-79211033-931019923.jpg\",\"productId\":320,\"productName\":\"有机花菜\",\"productPrice\":5,\"productUnit\":\"斤\"},{\"$$hashKey\":\"object:1094\",\"amount\":5,\"description\":\"精选丝瓜\",\"picurl\":\"product_images/pic649823987430570-931019923.jpg\",\"productId\":215,\"productName\":\"丝瓜\",\"productPrice\":2.8,\"productUnit\":\"斤\"},{\"$$hashKey\":\"object:1095\",\"amount\":2,\"description\":\"精选小葱\",\"picurl\":\"product_images/pic764482987545229-931019923.jpg\",\"productId\":314,\"productName\":\"小葱\",\"productPrice\":5,\"productUnit\":\"斤\"},{\"$$hashKey\":\"object:1096\",\"amount\":2,\"description\":\"精选白萝卜\",\"picurl\":\"product_images/pic30219804555651889-931019923.jpg\",\"productId\":254,\"productName\":\"白萝卜\",\"productPrice\":1.72,\"productUnit\":\"斤\"},{\"$$hashKey\":\"object:1097\",\"amount\":3,\"description\":\"精选杭椒\",\"picurl\":\"product_images/pic847685987628432-931019923.jpg\",\"productId\":328,\"productName\":\"杭椒\",\"productPrice\":6,\"productUnit\":\"斤\"},{\"$$hashKey\":\"object:1098\",\"amount\":3,\"description\":\"精选芦笋\",\"picurl\":\"product_images/pic1068325987849072-931019923.jpg\",\"productId\":268,\"productName\":\"芦笋\",\"productPrice\":10.5,\"productUnit\":\"斤\"},{\"$$hashKey\":\"object:1099\",\"amount\":3,\"description\":\"精选香菇\",\"picurl\":\"product_images/pic1252686988033433-931019923.jpg\",\"productId\":300,\"productName\":\"香菇\",\"productPrice\":13.8,\"productUnit\":\"斤\"},{\"$$hashKey\":\"object:1100\",\"amount\":5,\"description\":\"精选内酯豆腐\",\"picurl\":\"product_images/pic658633684-232840865590323155.jpg\",\"productId\":330,\"productName\":\"内酯豆腐\",\"productPrice\":1,\"productUnit\":\"盒\"},{\"$$hashKey\":\"object:1101\",\"amount\":\"1\",\"description\":\"精选杨兰花\",\"picurl\":\"product_images/pic26119337551551422-931019923.jpg\",\"productId\":321,\"productName\":\"杨兰花\",\"productPrice\":12,\"productUnit\":\"包\"},{\"$$hashKey\":\"object:1102\",\"amount\":1,\"description\":\"精选荷兰芹\",\"picurl\":\"product_images/pic33022208558454293-931019923.jpg\",\"productId\":326,\"productName\":\"荷兰芹\",\"productPrice\":7,\"productUnit\":\"斤\"},{\"$$hashKey\":\"object:1103\",\"amount\":5,\"description\":\"精选毛豆\",\"picurl\":\"product_images/pic891851987672598-931019923.jpg\",\"productId\":240,\"productName\":\"毛豆\",\"productPrice\":2.88,\"productUnit\":\"斤\"}],\"totalAmount\":60,\"totalPrice\":268.84}','2015-08-03 21:01:16','次日上午8:00到10:30间','聚缘酒家','盛苑路596号','刘群','17749759259','未配送','094573278',NULL,NULL);
/*!40000 ALTER TABLE `bill_order` ENABLE KEYS */;
UNLOCK TABLES;

--
-- Table structure for table `procurement`
--

DROP TABLE IF EXISTS `procurement`;
/*!40101 SET @saved_cs_client     = @@character_set_client */;
/*!40101 SET character_set_client = utf8 */;
CREATE TABLE `procurement` (
  `id` int(11) NOT NULL AUTO_INCREMENT,
  `product_id` int(11) DEFAULT NULL,
  `procprice` double DEFAULT NULL,
  `procindex` double DEFAULT NULL,
  `date` timestamp NULL DEFAULT NULL,
  PRIMARY KEY (`id`)
) ENGINE=InnoDB AUTO_INCREMENT=133 DEFAULT CHARSET=utf8;
/*!40101 SET character_set_client = @saved_cs_client */;

--
-- Dumping data for table `procurement`
--

LOCK TABLES `procurement` WRITE;
/*!40000 ALTER TABLE `procurement` DISABLE KEYS */;
INSERT INTO `procurement` VALUES (10,282,2.5,1,'2015-07-29 11:05:05'),(11,215,2.5,1,'2015-08-04 01:22:48'),(12,216,20,1.15,'2015-07-29 10:48:53'),(13,217,13,1.15,'2015-07-29 10:48:53'),(14,218,1.2,1.15,'2015-07-29 10:48:53'),(15,219,12,1.15,'2015-08-02 13:20:42'),(16,220,4.3,1,'2015-08-04 01:30:09'),(17,221,2,1.15,'2015-07-29 10:48:54'),(18,222,2,1.15,'2015-07-29 10:48:54'),(19,223,2,1.15,'2015-07-29 10:48:54'),(20,224,2.5,1,'2015-08-02 11:49:39'),(21,225,1,1.15,'2015-07-29 10:48:55'),(22,226,3,1.15,'2015-07-29 10:48:55'),(23,227,5.5,1.15,'2015-07-29 10:48:55'),(24,228,2.5,1.15,'2015-07-29 10:48:55'),(25,229,2,1.15,'2015-07-30 07:52:35'),(26,230,5,1.1,'2015-08-02 13:46:20'),(27,231,5,1,'2015-07-29 11:05:59'),(28,232,8,1.1,'2015-08-02 12:16:44'),(29,233,8,1.05,'2015-08-02 11:44:35'),(30,234,21.94,1.15,'2015-07-29 10:48:56'),(31,235,9,1.15,'2015-07-29 10:48:56'),(32,236,7.5,1.15,'2015-07-29 10:48:57'),(33,237,5,1.15,'2015-07-29 10:48:57'),(34,238,5,1.15,'2015-07-29 10:48:57'),(35,239,4,1.2,'2015-08-02 12:41:28'),(36,240,2.5,1.15,'2015-07-29 10:48:57'),(37,241,1.5,1.2,'2015-08-02 13:08:59'),(38,242,3,1.15,'2015-08-02 12:41:50'),(39,243,5,1.2,'2015-08-02 12:42:46'),(40,244,10,1.2,'2015-08-02 12:26:35'),(41,245,32,1.15,'2015-07-29 10:48:58'),(42,246,27,1.15,'2015-07-29 10:48:59'),(43,247,15,1.1,'2015-08-02 12:43:42'),(44,248,11,1.15,'2015-07-29 10:48:59'),(45,249,10,1.15,'2015-07-29 11:14:49'),(46,250,13,1.15,'2015-07-29 10:48:59'),(47,251,12,1.15,'2015-08-02 12:39:29'),(48,252,2.5,1.15,'2015-07-29 10:49:00'),(49,253,2.8,1.07,'2015-08-02 12:00:16'),(50,254,1.5,1,'2015-08-04 01:32:54'),(51,255,2.5,1.2,'2015-08-02 12:09:42'),(52,256,1.8,1.11,'2015-08-02 11:55:25'),(53,257,5,1.2,'2015-08-02 12:19:04'),(54,258,2.5,1.15,'2015-07-29 10:49:01'),(55,259,15,1,'2015-08-02 12:12:14'),(56,260,2,1.15,'2015-07-29 10:49:01'),(57,261,12,1.15,'2015-07-29 10:49:01'),(58,262,1.5,1,'2015-07-29 11:27:06'),(59,263,31,1.15,'2015-07-29 10:49:02'),(60,264,12,1.15,'2015-08-02 12:45:24'),(61,265,2.5,1,'2015-07-29 11:10:58'),(62,266,3.5,1.15,'2015-07-29 10:49:02'),(63,267,3.5,1.14,'2015-08-02 12:10:03'),(64,268,9,1.1111,'2015-08-04 01:22:30'),(65,269,2.5,1.15,'2015-07-29 10:49:03'),(66,270,2,1,'2015-07-30 07:49:31'),(67,271,2.5,1,'2015-08-02 12:01:06'),(68,272,2.5,1.15,'2015-07-29 10:49:03'),(69,273,2.5,1.15,'2015-07-29 10:49:03'),(70,274,2,1.1,'2015-08-02 13:47:08'),(71,275,3.5,1.15,'2015-07-29 10:49:04'),(72,276,18,1.15,'2015-07-29 10:49:04'),(73,277,6,1.15,'2015-07-29 10:49:04'),(74,278,8,1,'2015-08-02 12:02:13'),(75,279,10,1.2,'2015-08-02 12:39:42'),(76,280,7.5,1.2,'2015-08-02 12:13:03'),(77,281,7,1.15,'2015-07-29 10:49:05'),(78,283,5,1.15,'2015-07-29 10:49:05'),(79,284,5,1.15,'2015-07-29 10:49:05'),(80,285,4,1.15,'2015-07-29 10:49:05'),(81,286,11.5,1.15,'2015-07-29 10:49:05'),(82,287,4,1.15,'2015-08-02 12:21:32'),(83,288,3.8,1.052,'2015-08-04 01:24:01'),(84,289,2.17,1.15,'2015-07-25 06:29:33'),(85,290,2.5,1.15,'2015-07-29 10:49:06'),(86,291,7,1.15,'2015-07-29 10:49:06'),(87,292,25,1.15,'2015-07-29 10:49:06'),(88,293,4.5,1.11,'2015-08-03 11:04:03'),(89,294,50,1.15,'2015-07-29 10:49:07'),(90,295,2.8,1.144,'2015-08-03 11:03:07'),(91,296,2.5,1,'2015-07-29 11:08:49'),(92,297,1.8,1,'2015-08-04 01:31:26'),(93,298,3,1.1,'2015-08-02 11:47:04'),(94,299,7,1.15,'2015-07-29 10:49:07'),(95,300,12,1,'2015-08-04 01:27:07'),(96,301,0.55,1,'2015-08-02 13:24:08'),(97,302,6.5,1.1,'2015-08-02 11:54:23'),(98,303,2,1.15,'2015-07-29 10:49:08'),(99,304,15,1.15,'2015-07-29 10:49:08'),(100,305,9,1.15,'2015-07-29 10:49:09'),(101,306,4,1.15,'2015-07-29 10:49:09'),(102,307,868.7,1.15,'2015-07-29 11:58:46'),(103,308,2.8,1,'2015-07-30 07:50:31'),(104,309,1.5,1,'2015-07-29 11:26:20'),(105,310,50,1.15,'2015-07-29 10:49:09'),(106,311,2,1.15,'2015-07-29 10:49:10'),(107,312,2.5,1.15,'2015-07-29 10:49:10'),(108,313,5,1.15,'2015-07-29 10:49:10'),(109,314,4,1,'2015-08-04 01:32:29'),(110,315,2.5,1.12,'2015-08-02 13:48:45'),(111,316,11,1.15,'2015-07-29 10:49:10'),(112,317,7.5,1.15,'2015-07-29 10:49:11'),(113,320,4.8,1,'2015-08-04 01:20:18'),(114,321,10,1.2,'2015-08-02 11:52:52'),(115,322,3.2,1,'2015-07-29 11:10:35'),(116,323,3.5,1.1,'2015-08-02 12:11:39'),(117,324,3.51,1.14,'2015-08-02 11:57:35'),(118,325,1.5,1,'2015-07-29 11:12:52'),(119,326,8,1,'2015-08-04 01:30:37'),(120,327,3,1,'2015-07-29 11:03:33'),(121,329,7,1,'2015-08-02 11:50:06'),(122,328,6,1,'2015-08-02 11:50:18'),(123,330,1,1,'2015-08-02 10:56:29'),(124,333,5,1.2,'2015-08-02 11:32:55'),(125,334,7.5,1,'2015-08-04 01:23:01'),(126,335,1.5,1,'2015-08-02 11:35:29'),(127,336,6,1,'2015-08-02 11:35:38'),(128,337,1.5,1,'2015-08-02 11:48:39'),(129,339,2,1,'2015-08-02 11:35:58'),(130,338,3.6,1,'2015-08-02 11:36:02'),(131,331,1,1,'2015-08-02 11:49:03'),(132,332,4.3,1,'2015-08-02 11:42:47');
/*!40000 ALTER TABLE `procurement` ENABLE KEYS */;
UNLOCK TABLES;

--
-- Table structure for table `product`
--

DROP TABLE IF EXISTS `product`;
/*!40101 SET @saved_cs_client     = @@character_set_client */;
/*!40101 SET character_set_client = utf8 */;
CREATE TABLE `product` (
  `id` int(11) NOT NULL AUTO_INCREMENT,
  `name` varchar(255) COLLATE utf8_unicode_ci DEFAULT NULL,
  `description` varchar(255) COLLATE utf8_unicode_ci DEFAULT NULL,
  `type` varchar(45) COLLATE utf8_unicode_ci DEFAULT NULL,
  `category` varchar(45) COLLATE utf8_unicode_ci DEFAULT NULL,
  `price` double DEFAULT NULL,
  `unit` varchar(45) COLLATE utf8_unicode_ci DEFAULT NULL,
  `picurl` varchar(255) COLLATE utf8_unicode_ci DEFAULT NULL,
  `onsale` int(1) DEFAULT '0',
  `data_change_last_time` timestamp NULL DEFAULT CURRENT_TIMESTAMP ON UPDATE CURRENT_TIMESTAMP,
  `order_index` int(11) DEFAULT NULL,
  PRIMARY KEY (`id`)
) ENGINE=InnoDB AUTO_INCREMENT=351 DEFAULT CHARSET=utf8 COLLATE=utf8_unicode_ci;
/*!40101 SET character_set_client = @saved_cs_client */;

--
-- Dumping data for table `product`
--

LOCK TABLES `product` WRITE;
/*!40000 ALTER TABLE `product` DISABLE KEYS */;
INSERT INTO `product` VALUES (215,'丝瓜','精选丝瓜','SHUCAISHUIGUO','QIEGUOLEI',2.5,'斤','product_images/pic649823987430570-931019923.jpg',0,'2015-08-04 11:17:03',215),(216,'中翅','精选中翅','QINROUDANLEI','JIROU',23,'斤','product_images/pic653112987433859-931019923.jpg',0,'2015-08-04 11:17:03',216),(217,'五花肉','精选五花肉','QINROUDANLEI','ZHUROU',14.95,'斤','product_images/pic20401548545833633-931019923.jpg',0,'2015-08-04 11:17:03',217),(218,'冬瓜','精选冬瓜','SHUCAISHUIGUO','QIEGUOLEI',1.38,'斤','product_images/pic678064987458811-931019923.jpg',0,'2015-08-04 11:17:03',218),(219,'冬笋','精选冬笋','SHUCAISHUIGUO','GENJINGLEI',13.8,'斤','product_images/pic679647987460394-931019923.jpg',0,'2015-08-04 11:17:03',219),(220,'刀豆','精选刀豆','SHUCAISHUIGUO','DOULEI',4.3,'斤','product_images/pic686662987467409-931019923.jpg',0,'2015-08-04 11:17:03',220),(221,'南瓜','精选南瓜','SHUCAISHUIGUO','QIEGUOLEI',2.3,'斤','product_images/pic691301987472048-931019923.jpg',0,'2015-08-04 11:17:03',221),(222,'卷心菜','精选卷心菜','SHUCAISHUIGUO','YECAILEI',2.3,'斤','product_images/pic21327408546759493-931019923.jpg',0,'2015-08-04 11:35:23',6),(223,'四季豆','精选四季豆','SHUCAISHUIGUO','DOULEI',2.3,'斤','product_images/pic22128990547561075-931019923.jpg',0,'2015-08-04 11:17:03',223),(224,'圣女果','精选圣女果','SHUCAISHUIGUO','QIEGUOLEI',2.5,'斤','product_images/pic22173420547605505-931019923.jpg',0,'2015-08-04 11:17:03',224),(225,'大白菜','精选大白菜','SHUCAISHUIGUO','YECAILEI',1.15,'斤','product_images/pic22906982548339067-931019923.jpg',0,'2015-08-04 11:35:22',2),(226,'大葱','精选大葱','SHUCAISHUIGUO','CONGJIANGSUAN',3.45,'斤','product_images/pic741418987522165-931019923.jpg',0,'2015-08-04 11:17:03',226),(227,'姜','精选姜','SHUCAISHUIGUO','CONGJIANGSUAN',6.32,'斤','product_images/pic2300431854641-931019923.jpg',0,'2015-08-04 11:17:03',227),(228,'嫩玉米','精选嫩玉米','SHUCAISHUIGUO','GENJINGLEI',2.88,'斤','product_images/pic23314099548746184-931019923.jpg',0,'2015-08-04 11:17:03',228),(229,'小青菜','精选小青菜','SHUCAISHUIGUO','YECAILEI',2.3,'斤','product_images/pic23882521549314606-931019923.jpg',0,'2015-08-04 11:35:22',3),(230,'山药','精选山药','SHUCAISHUIGUO','GENJINGLEI',5.5,'斤','product_images/pic767262987548009-931019923.jpg',0,'2015-08-04 11:17:03',230),(231,'平菇','精选平菇','SHUCAISHUIGUO','JUNLEI',5,'斤','product_images/pic783284987564031-931019923.jpg',0,'2015-08-04 11:17:03',231),(232,'慈菇','精选慈菇','SHUCAISHUIGUO','GENJINGLEI',8.8,'斤','product_images/pic795017987575764-931019923.jpg',0,'2015-08-04 11:17:03',232),(233,'荷兰豆','精选荷兰豆','SHUCAISHUIGUO','DOULEI',8.4,'斤','product_images/pic815653987596400-931019923.jpg',0,'2015-08-04 11:17:03',233),(234,'排骨','精选排骨','QINROUDANLEI','ZHUROU',25.23,'斤','product_images/pic829782987610529-931019923.jpg',0,'2015-08-04 11:17:03',234),(235,'整鸡','精选整鸡','QINROUDANLEI','JIROU',10.35,'斤','product_images/pic845613987626360-931019923.jpg',0,'2015-08-04 11:17:03',235),(236,'整鸭','精选整鸭','QINROUDANLEI','YAROU',8.63,'斤','product_images/pic845625987626372-931019923.jpg',0,'2015-08-04 11:17:03',236),(237,'杏鲍菇','精选杏鲍菇','SHUCAISHUIGUO','JUNLEI',5.75,'斤','product_images/pic26691689552123774-931019923.jpg',0,'2015-08-04 11:17:03',237),(238,'杭茄','精选杭茄','SHUCAISHUIGUO','QIEGUOLEI',5.75,'斤','product_images/pic854327987635074-931019923.jpg',0,'2015-08-04 11:17:03',238),(239,'枸杞','精选枸杞','SHUCAISHUIGUO','TECAI',4.8,'两','product_images/pic849574987630321-931019923.jpg',0,'2015-08-04 11:17:03',239),(240,'毛豆','精选毛豆','SHUCAISHUIGUO','DOULEI',2.88,'斤','product_images/pic891851987672598-931019923.jpg',0,'2015-08-04 11:17:03',240),(241,'洋葱','精选洋葱','SHUCAISHUIGUO','CONGJIANGSUAN',1.8,'斤','product_images/pic899270987680017-931019923.jpg',0,'2015-08-04 11:17:03',241),(242,'海带','精选海带','SHUCAISHUIGUO','TECAI',3.45,'斤','product_images/pic892815987673562-931019923.jpg',0,'2015-08-04 11:17:03',242),(243,'海带－干','精选海带－干','SHUCAISHUIGUO','TECAI',6,'斤','product_images/pic860043476-31431073-931019923.jpg',0,'2015-08-04 11:17:03',243),(244,'滑菇','精选滑菇','SHUCAISHUIGUO','JUNLEI',12,'盒','product_images/pic913174987693921-931019923.jpg',0,'2015-08-04 11:17:03',244),(245,'牛肉','精选牛肉','QINROUDANLEI','NIUROU',36.8,'斤','product_images/pic940430987721177-931019923.jpg',0,'2015-08-04 11:17:03',245),(246,'牛腩','精选牛腩','QINROUDANLEI','NIUROU',31.05,'斤','product_images/pic940654987721401-931019923.jpg',0,'2015-08-04 11:17:03',246),(247,'猪大肠','精选猪大肠','QINROUDANLEI','ZHUROU',16.5,'斤','product_images/pic29072643554504728-931019923.jpg',0,'2015-08-04 11:17:03',247),(248,'猪肉','精选猪肉','QINROUDANLEI','ZHUROU',12.65,'斤','product_images/pic946847987727594-931019923.jpg',0,'2015-08-04 11:17:03',248),(249,'猪肝','精选猪肝','QINROUDANLEI','ZHUROU',11.5,'斤','product_images/pic946867987727614-931019923.jpg',0,'2015-08-04 11:17:03',249),(250,'猪蹄','精选猪蹄','QINROUDANLEI','ZHUROU',14.95,'斤','product_images/pic950362987731109-931019923.jpg',0,'2015-08-04 11:17:03',250),(251,'猴头菇','精选猴头菇','SHUCAISHUIGUO','JUNLEI',13.8,'斤','product_images/pic29083463554515548-931019923.jpg',0,'2015-08-04 11:17:03',251),(252,'甜玉米','精选甜玉米','SHUCAISHUIGUO','GENJINGLEI',2.88,'斤','product_images/pic29759526555191611-931019923.jpg',0,'2015-08-04 11:17:03',252),(253,'番茄','精选番茄','SHUCAISHUIGUO','QIEGUOLEI',3,'斤','product_images/pic965338987746085-931019923.jpg',0,'2015-08-04 11:17:03',253),(254,'白萝卜','精选白萝卜','SHUCAISHUIGUO','GENJINGLEI',1.5,'斤','product_images/pic30219804555651889-931019923.jpg',0,'2015-08-04 11:17:03',254),(255,'秋葵','精选秋葵','SHUCAISHUIGUO','YECAILEI',3,'斤','product_images/pic1000458987781205-931019923.jpg',0,'2015-08-04 11:35:22',4),(256,'空心菜','精选空心菜','SHUCAISHUIGUO','YECAILEI',2,'斤','product_images/pic30924915556357000-931019923.jpg',0,'2015-08-04 11:35:23',5),(257,'竹笋','精选竹笋','SHUCAISHUIGUO','GENJINGLEI',6,'斤','product_images/pic1007410987788157-931019923.jpg',0,'2015-08-04 11:17:03',257),(258,'糯玉米','精选糯玉米','SHUCAISHUIGUO','GENJINGLEI',2.88,'斤','product_images/pic31684409557116494-931019923.jpg',0,'2015-08-04 11:17:03',258),(259,'紫菜','精选紫菜','SHUCAISHUIGUO','TECAI',15,'条','product_images/pic1027089987807836-931019923.jpg',0,'2015-08-04 11:17:03',259),(260,'红薯','精选红薯','SHUCAISHUIGUO','GENJINGLEI',2.3,'斤','product_images/pic1039181987819928-931019923.jpg',0,'2015-08-04 11:17:03',260),(261,'纯瘦肉','精选纯瘦肉','QINROUDANLEI','ZHUROU',13.8,'斤','product_images/pic32136722557568807-931019923.jpg',0,'2015-08-04 11:17:03',261),(263,'羊肉','精选羊肉','QINROUDANLEI','YANGROU',35.65,'斤','product_images/pic1045055987825802-931019923.jpg',0,'2015-08-04 11:17:03',263),(264,'羊蝎子','精选羊蝎子','QINROUDANLEI','YANGROU',13.8,'斤','product_images/pic32473804557905889-931019923.jpg',0,'2015-08-04 11:17:03',264),(265,'胡萝卜','精选胡萝卜','SHUCAISHUIGUO','GENJINGLEI',2.5,'斤','product_images/pic32776064558208149-931019923.jpg',0,'2015-08-04 11:17:03',265),(266,'芋艿','精选芋艿','SHUCAISHUIGUO','GENJINGLEI',4.03,'斤','product_images/pic1069396987850143-931019923.jpg',0,'2015-08-04 11:17:03',266),(267,'芥蓝','精选芥蓝','SHUCAISHUIGUO','YECAILEI',3.99,'斤','product_images/pic1070808987851555-931019923.jpg',0,'2015-08-04 11:35:22',0),(268,'芦笋','精选芦笋','SHUCAISHUIGUO','GENJINGLEI',10,'斤','product_images/pic1068325987849072-931019923.jpg',0,'2015-08-04 11:17:03',268),(269,'花菜','精选花菜','SHUCAISHUIGUO','YECAILEI',2.88,'斤','product_images/pic1070923987851670-931019923.jpg',0,'2015-08-04 11:35:09',7),(270,'芹菜','精选芹菜','SHUCAISHUIGUO','GENJINGLEI',2,'斤','product_images/pic1071171987851918-931019923.jpg',0,'2015-08-04 11:17:03',270),(271,'西芹','精选西芹','SHUCAISHUIGUO','GENJINGLEI',2.5,'斤','product_images/pic33206351558638436-931019923.jpg',0,'2015-08-04 11:17:03',271),(272,'红苋菜','精选红苋菜','SHUCAISHUIGUO','YECAILEI',2.88,'斤','product_images/pic1071729987852476-931019923.jpg',0,'2015-08-04 11:35:22',1),(273,'苦瓜','精选苦瓜','SHUCAISHUIGUO','QIEGUOLEI',2.88,'斤','product_images/pic1068726987849473-931019923.jpg',0,'2015-08-04 11:17:03',273),(274,'茄子','精选茄子','SHUCAISHUIGUO','QIEGUOLEI',2.2,'斤','product_images/pic1063116987843863-931019923.jpg',0,'2015-08-04 11:17:03',274),(275,'茭白','精选茭白','SHUCAISHUIGUO','GENJINGLEI',4.02,'斤','product_images/pic1071344987852091-931019923.jpg',0,'2015-08-04 11:17:03',275),(276,'茴香','精选茴香','TIAOLIAOQITA','TIAOWEIPIN',20.7,'斤','product_images/pic1080549987861296-931019923.jpg',0,'2015-08-04 11:17:03',276),(277,'茶树菇','精选茶树菇','SHUCAISHUIGUO','JUNLEI',6.9,'斤','product_images/pic33139596558571681-931019923.jpg',0,'2015-08-04 11:17:03',277),(278,'茼蒿','精选茼蒿','SHUCAISHUIGUO','YECAILEI',8,'斤','product_images/pic1075459987856206-931019923.jpg',0,'2015-08-04 11:35:09',8),(279,'草菇','精选草菇','SHUCAISHUIGUO','JUNLEI',12,'斤','product_images/pic1075614987856361-931019923.jpg',0,'2015-08-04 11:17:03',279),(280,'荠菜','精选荠菜','SHUCAISHUIGUO','YECAILEI',9,'斤','product_images/pic1076348987857095-931019923.jpg',0,'2015-08-04 11:35:09',9),(281,'莲藕','精选莲藕','SHUCAISHUIGUO','GENJINGLEI',8.05,'斤','product_images/pic1079395987860142-931019923.jpg',0,'2015-08-04 11:17:03',281),(282,'莴苣','精选莴苣','SHUCAISHUIGUO','GENJINGLEI',2.5,'斤','product_images/pic1078703987859450-931019923.jpg',0,'2015-08-04 11:17:03',282),(283,'菠菜','精选菠菜','SHUCAISHUIGUO','YECAILEI',5.75,'斤','product_images/pic1080316987861063-931019923.jpg',0,'2015-08-04 11:35:09',10),(284,'蒜','精选蒜','SHUCAISHUIGUO','CONGJIANGSUAN',5.75,'斤','product_images/pic3394831865585-931019923.jpg',0,'2015-08-04 11:17:03',284),(285,'蒜苔','精选蒜苔','SHUCAISHUIGUO','YECAILEI',4.6,'斤','product_images/pic1085880987866627-931019923.jpg',0,'2015-08-04 11:35:09',11),(286,'蘑菇','精选蘑菇','SHUCAISHUIGUO','JUNLEI',13.22,'斤','product_images/pic1097686987878433-931019923.jpg',0,'2015-08-04 11:17:03',286),(287,'蚕豆','精选蚕豆','SHUCAISHUIGUO','DOULEI',4.6,'斤','product_images/pic1103953987884700-931019923.jpg',0,'2015-08-04 11:17:03',287),(288,'西兰花','精选西兰花','SHUCAISHUIGUO','YECAILEI',4,'斤','product_images/pic34505984559938069-931019923.jpg',0,'2015-08-04 11:35:09',12),(290,'西葫芦','精选西葫芦','SHUCAISHUIGUO','QIEGUOLEI',2.88,'斤','product_images/pic34910554560342639-931019923.jpg',0,'2015-08-04 11:17:03',290),(291,'豌豆','精选豌豆','SHUCAISHUIGUO','DOULEI',8.05,'斤','product_images/pic1149306987930053-931019923.jpg',0,'2015-08-04 11:17:03',291),(292,'辣椒','精选辣椒','TIAOLIAOQITA','TIAOWEIPIN',28.75,'两','product_images/pic1166799987947546-931019923.jpg',0,'2015-08-04 11:17:03',292),(293,'金针菇','精选金针菇','SHUCAISHUIGUO','JUNLEI',5,'斤','product_images/pic37085648562517733-931019923.jpg',0,'2015-08-04 11:17:03',293),(294,'白木耳','精选白木耳','SHUCAISHUIGUO','JUNLEI',57.5,'斤','product_images/pic1214973987995720-931019923.jpg',0,'2015-08-04 11:17:03',294),(295,'长豇豆','精选长豇豆','SHUCAISHUIGUO','DOULEI',3.2,'斤','product_images/pic37927582563359667-931019923.jpg',0,'2015-08-04 11:17:03',295),(296,'青椒','精选青椒','SHUCAISHUIGUO','QIEGUOLEI',2.5,'斤','product_images/pic1227776988008523-931019923.jpg',0,'2015-08-04 11:17:03',296),(297,'青菜','精选青菜','SHUCAISHUIGUO','YECAILEI',1.8,'斤','product_images/pic1234634988015381-931019923.jpg',0,'2015-08-04 11:35:09',13),(298,'韭菜','精选韭菜','SHUCAISHUIGUO','YECAILEI',3.3,'斤','product_images/pic1239439988020186-931019923.jpg',0,'2015-08-04 11:35:09',14),(299,'韭黄','精选韭黄','SHUCAISHUIGUO','YECAILEI',8.05,'斤','product_images/pic1246327988027074-931019923.jpg',0,'2015-08-04 11:35:09',15),(300,'香菇','精选香菇','SHUCAISHUIGUO','JUNLEI',12,'斤','product_images/pic1252686988033433-931019923.jpg',0,'2015-08-04 11:17:03',300),(301,'香菜','精选香菜','SHUCAISHUIGUO','YECAILEI',0.55,'两','product_images/pic1252707988033454-931019923.jpg',0,'2015-08-04 11:35:09',16),(302,'马兰头','精选马兰头','SHUCAISHUIGUO','YECAILEI',7.15,'斤','product_images/pic38659376564091461-931019923.jpg',0,'2015-08-04 11:35:09',17),(303,'马铃薯','精选马铃薯','SHUCAISHUIGUO','GENJINGLEI',2.3,'斤','product_images/pic39205048564637133-931019923.jpg',0,'2015-08-04 11:17:03',303),(304,'鸡翅','精选鸡翅','QINROUDANLEI','JIROU',17.25,'斤','product_images/pic1287620988068367-931019923.jpg',0,'2015-08-04 11:17:03',304),(305,'鸡腿','精选鸡腿','QINROUDANLEI','JIROU',10.35,'斤','product_images/pic1288062988068809-931019923.jpg',0,'2015-08-04 11:17:03',305),(306,'鸡腿菇','精选鸡腿菇','SHUCAISHUIGUO','JUNLEI',4.6,'斤','product_images/pic39963657565395742-931019923.jpg',0,'2015-08-04 11:17:03',306),(307,'鸭腿','精选鸭腿','QINROUDANLEI','YAROU',999,'斤','product_images/pic1288434988069181-931019923.jpg',0,'2015-08-04 11:17:03',307),(308,'黄瓜','精选黄瓜','SHUCAISHUIGUO','QIEGUOLEI',2.8,'斤','product_images/pic1289880988070627-931019923.jpg',0,'2015-08-04 11:17:03',308),(309,'黄豆芽','精选黄豆芽','SHUCAISHUIGUO','YECAILEI',1.5,'斤','product_images/pic40205563565637648-931019923.jpg',0,'2015-08-04 11:35:09',18),(310,'黑木耳','精选黑木耳','SHUCAISHUIGUO','JUNLEI',57.5,'斤','product_images/pic39922844565354929-931019923.jpg',0,'2015-08-04 11:17:03',310),(311,'娃娃菜','精选娃娃菜','SHUCAISHUIGUO','YECAILEI',2.3,'斤','product_images/pic22892412548324497-931019923.jpg',0,'2015-08-04 11:35:09',19),(312,'杭白菜','精选杭白菜','SHUCAISHUIGUO','YECAILEI',2.88,'斤','product_images/pic26418476551850561-931019923.jpg',0,'2015-08-04 11:35:09',20),(314,'小葱','精选小葱','SHUCAISHUIGUO','CONGJIANGSUAN',4,'斤','product_images/pic764482987545229-931019923.jpg',0,'2015-08-04 11:17:03',314),(315,'生菜','精选生菜','SHUCAISHUIGUO','YECAILEI',2.8,'斤','product_images/pic963229987743976-931019923.jpg',0,'2015-08-04 11:35:10',21),(316,'蹄髈','精选蹄髈','QINROUDANLEI','ZHUROU',12.65,'斤','product_images/pic1168644987949391-931019923.jpg',0,'2015-08-04 11:17:03',316),(317,'冻整鸡','精选冻整鸡','QINROUDANLEI','JIROU',8.63,'斤',NULL,0,'2015-08-04 11:17:03',317),(320,'有机花菜','精选有机花菜','SHUCAISHUIGUO','YECAILEI',4.8,'斤','product_images/pic812263516-79211033-931019923.jpg',0,'2015-08-04 11:35:10',22),(321,'杨兰花','精选杨兰花','SHUCAISHUIGUO','YECAILEI',12,'包','product_images/pic26119337551551422-931019923.jpg',0,'2015-08-04 11:35:10',23),(322,'牛心菜','精选牛心菜','SHUCAISHUIGUO','YECAILEI',3.2,'斤','product_images/pic28926996554359081-931019923.jpg',0,'2015-08-04 11:35:10',24),(323,'紫包菜','精选紫包菜','SHUCAISHUIGUO','YECAILEI',3.85,'斤','product_images/pic31485922556918007-931019923.jpg',0,'2015-08-04 11:35:10',25),(324,'红椒','精选红椒','SHUCAISHUIGUO','QIEGUOLEI',4,'斤','product_images/pic1031856987812603-931019923.jpg',0,'2015-08-04 11:17:03',324),(325,'绿豆芽','精选绿豆芽','SHUCAISHUIGUO','YECAILEI',1.5,'斤','product_images/pic32389750557821835-931019923.jpg',0,'2015-08-04 11:35:10',26),(326,'荷兰芹','精选荷兰芹','SHUCAISHUIGUO','GENJINGLEI',8,'斤','product_images/pic33022208558454293-931019923.jpg',0,'2015-08-04 11:17:03',326),(327,'鸡毛菜','精选鸡毛菜','SHUCAISHUIGUO','YECAILEI',3,'斤','product_images/pic39791938565224023-931019923.jpg',0,'2015-08-04 11:35:10',27),(328,'杭椒','精选杭椒','SHUCAISHUIGUO','QIEGUOLEI',6,'斤','product_images/pic847685987628432-931019923.jpg',0,'2015-08-04 11:17:03',328),(329,'美人椒','精选美人椒','SHUCAISHUIGUO','QIEGUOLEI',7,'斤','product_images/pic32032166557464251-931019923.jpg',0,'2015-08-04 11:17:03',329),(330,'内酯豆腐','精选内酯豆腐','TIAOLIAOQITA','DOUZHIPIN',1,'盒','product_images/pic658633684-232840865590323155.jpg',0,'2015-08-04 11:17:03',330),(331,'厚百叶','精选厚百叶','TIAOLIAOQITA','DOUZHIPIN',1,'包','product_images/pic21529170546961255590323155.jpg',0,'2015-08-04 11:17:03',331),(332,'大白干','精选大白干','TIAOLIAOQITA','DOUZHIPIN',4.3,'斤','product_images/pic22897404548329489590323155.jpg',0,'2015-08-04 11:17:03',332),(333,'大红椒','精选大红椒','SHUCAISHUIGUO','QIEGUOLEI',6,'斤','product_images/pic22964759548396844590323155.jpg',0,'2015-08-04 11:17:03',333),(334,'毛豆米','精选毛豆米','SHUCAISHUIGUO','DOULEI',7.5,'斤','product_images/pic27679240553111325590323155.jpg',0,'2015-08-04 11:17:03',334),(335,'水晶凉皮','精选水晶凉皮','TIAOLIAOQITA','DOUZHIPIN',1.5,'包','product_images/pic851097159-40377390590323155.jpg',0,'2015-08-04 11:17:03',335),(336,'百合','精选百合','TIAOLIAOQITA','DOUZHIPIN',6,'斤','product_images/pic961866987742613590323155.jpg',0,'2015-08-04 11:17:03',336),(337,'薄百叶','精选薄百叶','TIAOLIAOQITA','DOUZHIPIN',1.5,'包','product_images/pic33808828559240913590323155.jpg',0,'2015-08-04 11:17:03',337),(338,'马桥香干','精选马桥香干','TIAOLIAOQITA','DOUZHIPIN',3.6,'斤','product_images/pic1204623666313149117590323155.jpg',0,'2015-08-04 11:17:03',338),(339,'鸭血','精选鸭血','TIAOLIAOQITA','DOUZHIPIN',2,'盒','product_images/pic1290163988070910590323155.jpg',0,'2015-08-04 11:17:03',339),(340,'球生菜','精选球生菜','SHUCAISHUIGUO','YECAILEI',4.5,'斤','product_images/pic29503968554936053590323155.jpg',0,'2015-08-04 11:35:10',28),(341,'日本黄瓜','精选日本黄瓜','SHUCAISHUIGUO','GENJINGLEI',7,'斤',NULL,0,'2015-08-04 11:17:03',341),(342,'臭豆腐','精选臭豆腐','TIAOLIAOQITA','DOUZHIPIN',3,'斤',NULL,0,'2015-08-04 11:17:03',342),(343,'青大蒜','精选青大蒜','SHUCAISHUIGUO','GENJINGLEI',6,'斤',NULL,0,'2015-08-04 11:17:03',343),(344,'酸豇豆','精选酸豇豆','SHUCAISHUIGUO','TECAI',3,'斤',NULL,0,'2015-08-04 11:17:03',344),(345,'绢豆腐','精选绢豆腐','TIAOLIAOQITA','DOUZHIPIN',1.5,'盒',NULL,0,'2015-08-04 11:17:03',345),(346,'千叶豆腐','精选千叶豆腐','TIAOLIAOQITA','DOUZHIPIN',5.5,'盒',NULL,0,'2015-08-04 11:17:03',346),(347,'香芹','精选香芹','SHUCAISHUIGUO','GENJINGLEI',2.5,'斤',NULL,0,'2015-08-04 11:17:03',347),(348,'毛豆','精选毛豆','SHUCAISHUIGUO','DOULEI',2.5,'斤',NULL,0,'2015-08-04 11:17:03',348),(349,'花生节','精选花生节','SHUCAISHUIGUO','DOULEI',4,'斤',NULL,0,'2015-08-04 11:17:03',349);
/*!40000 ALTER TABLE `product` ENABLE KEYS */;
UNLOCK TABLES;

--
-- Table structure for table `user`
--

DROP TABLE IF EXISTS `user`;
/*!40101 SET @saved_cs_client     = @@character_set_client */;
/*!40101 SET character_set_client = utf8 */;
CREATE TABLE `user` (
  `id` int(11) NOT NULL AUTO_INCREMENT,
  `wechat_id` varchar(255) NOT NULL DEFAULT '0',
  `nickname` varchar(255) DEFAULT NULL,
  `role` varchar(45) DEFAULT NULL,
  `headimgurl` text,
  `consignee` varchar(45) DEFAULT NULL,
  `consignee_contact` varchar(45) DEFAULT NULL,
  `shop_info` varchar(255) DEFAULT NULL,
  `shop_address` text,
  PRIMARY KEY (`id`)
) ENGINE=InnoDB AUTO_INCREMENT=21 DEFAULT CHARSET=utf8;
/*!40101 SET character_set_client = @saved_cs_client */;

--
-- Dumping data for table `user`
--

LOCK TABLES `user` WRITE;
/*!40000 ALTER TABLE `user` DISABLE KEYS */;
INSERT INTO `user` VALUES (2,'o5Irvt1IzDfOZ7S3jsWKT_5G07w0',' 滚雪球','DELIVERYMAN','http://wx.qlogo.cn/mmopen/rxXF7qF9c6ECQgDibfKCsgPd2g9icFXlC2lP7uib4bDJMVYXBCOuTYWm6YQibaPFcCsG0icRZjtFYLmUU8myOFXzrTvLqFO8L6eeia/0','gdfj','13457889','hgfd','gfdh'),(9,'o5Irvt6r7U71oT6FlnAuLCKqqsvY','凤权','USER','http://wx.qlogo.cn/mmopen/oGt7IeDr3prIZM8b9MyzLLT3oepKSb98jl2qL7ic3GGtFoE4rAicicutof40wiaRDUWRe7Pky9wLo8mEmp9jLWibBtBZrckCyAxVm/0','唐凤','13764301160','骏产货源充足',''),(10,'o5Irvt5957jQ4xmdHmDp59epk0UU','灵达','DELIVERYMAN','http://wx.qlogo.cn/mmopen/0pygn8iaZdEeVBqUntWJB9rzhkKIyKnQFzIqswrYFrhHefEXiaCOhJnBqIicxMRd0IeOHe9ffAtKTvXzOfokp9UhS2BlYXh5PxO/0','a','13402188638','abc',''),(11,'o5Irvtw83iWQ7aI0F17_RHCkylQw','小傅','DELIVERYMAN','http://wx.qlogo.cn/mmopen/rxXF7qF9c6ECQgDibfKCsgNRdvaibog31ViaUHc88ms8yv4lcBjqXAxUOduIECJ0qicNJqV7OUbSibnu7OPXpiby0x5ibZib0tqwNNiac/0','阿','123','肯','些'),(13,'o5Irvt01SBZtq6JSDVwvhL-1Apf4','小鱼','USER','http://wx.qlogo.cn/mmopen/rxXF7qF9c6ECQgDibfKCsgPXP6Nbc4HCplyaHDYuAZ5fAMLGBrz9U8KTupEzNHUjDTaujiaU7iaq2R6xsQH1YqicZbqjWfK6XdKO/0',NULL,NULL,NULL,''),(14,'o5Irvtx1HMDEgD18RESTS_tZ89rQ','1314','USER','http://wx.qlogo.cn/mmopen/Q3auHgzwzM5rS0YrTcsATmU50ApbNIfa7cgEdiceUZadg2RePFiavgV8yLaoic12IcNvlrEgXqgbjFsZaVn3V1Bk8xWB0mZTvpwLWvfOcRUtbE/0','刘群','17749759259','聚缘酒家','盛苑路596号'),(15,'o5IrvtxKL1ffBOioBJqRdW8zKNwg','peter','DELIVERYMAN','http://wx.qlogo.cn/mmopen/oGt7IeDr3pogKblmZPAmXbn3HNsZHsCyOVsqg1OkI8Ir6h9M3sgYp4CCSLqJa8aK03NOGiaiaO2O02BzIzQpkqFt50heQXeWuc/0','陈','119','陈凯','啦啦啦'),(16,'o5Irvt81tKWMqP7xoFNd3EP-Mslc','大山','DELIVERYMAN','http://wx.qlogo.cn/mmopen/pibRPFibicvaC5t2cibumYBiaDbpmP89uVxFUmkwGRic0HoVQ8OqHy0XafHZRWDgUuAm6sUkQjKaBnGOtOU7l8Nk717mM2ctV7WPOK/0',NULL,NULL,NULL,''),(17,'o5IrvtzXsoLaXY8HY-GteRvHhh-w','朱松克','USER','http://wx.qlogo.cn/mmopen/PiajxSqBRaEJhP9PicJuIw4QVlwaWSiaibFALQIc90OsCpJcThU0RyTvEbHJsrwWNXbibh7oWbH19b4vQpbMW9NSw4A/0','朱松克',NULL,NULL,NULL),(18,'o5IrvtyaVUgUEGvbNnSBgP7dlJSo','青梅','USER','http://wx.qlogo.cn/mmopen/pibRPFibicvaC5tLibs4nUnxaI8ibPEKWUibRbpDYFK4n0q2SjhOarLIicbzwNjicUfxrfSbdH3icbAJth0JibPT7XUGU0yqXXjhhNJbnD/0',NULL,NULL,NULL,NULL),(19,'o5IrvtzpFsNEqDNv4bP0lrXOKBFw','Etrnally@','USER','http://wx.qlogo.cn/mmopen/oGt7IeDr3pogKblmZPAmXSGY82tQfLrzFVWc32JMlx8sxDXNayqgQibAFMFKjZtOG1rNHK7x2ym6IJ0H7ibx4MF0fgEQDMyo6L/0',NULL,NULL,NULL,NULL),(20,'o5Irvt2ACfsTy_Y4w-Pwu6qH_o_Y','JasonZhao','USER','http://wx.qlogo.cn/mmopen/PiajxSqBRaEIAh4kaTOK4zkIjaiajKaicHZV7kHMhz0wqAOUtCVpTpR7BiaibSZEJFFXfhQcgmyTPCMbeaSgAtp1AOw/0',NULL,NULL,NULL,NULL);
/*!40000 ALTER TABLE `user` ENABLE KEYS */;
UNLOCK TABLES;
/*!40103 SET TIME_ZONE=@OLD_TIME_ZONE */;

/*!40101 SET SQL_MODE=@OLD_SQL_MODE */;
/*!40014 SET FOREIGN_KEY_CHECKS=@OLD_FOREIGN_KEY_CHECKS */;
/*!40014 SET UNIQUE_CHECKS=@OLD_UNIQUE_CHECKS */;
/*!40101 SET CHARACTER_SET_CLIENT=@OLD_CHARACTER_SET_CLIENT */;
/*!40101 SET CHARACTER_SET_RESULTS=@OLD_CHARACTER_SET_RESULTS */;
/*!40101 SET COLLATION_CONNECTION=@OLD_COLLATION_CONNECTION */;
/*!40111 SET SQL_NOTES=@OLD_SQL_NOTES */;

-- Dump completed on 2015-08-04 20:24:12
